optimizer,best_trial,final_train_loss,final_val_loss,final_train_accuracy,final_val_accuracy,runtime_s,hyperparameters
hamiltonian_geometric,3,0.0360248871019,0.0390637291557,0.993333333333,0.993333333333,0.9027222,"{'learning_rate': 0.03, 'beta': 0.9, 'memory_coupling': 0.001, 'metric_decay': 0.99, 'metric_epsilon': 1e-08, 'weight_decay': 0.0001}"
adamw,5,0.0387067202401,0.0424390810883,0.99,0.993333333333,0.833450099992,"{'learning_rate': 0.03, 'beta1': 0.9, 'beta2': 0.999, 'weight_decay': 0.0001}"
nag,6,0.0779736032438,0.0753863269384,0.978888888889,0.976666666667,0.778144399999,"{'learning_rate': 0.06, 'momentum': 0.9, 'weight_decay': 0.0001}"
heavy_ball,6,0.0833394762386,0.0796303399102,0.974444444444,0.976666666667,0.807142399994,"{'learning_rate': 0.06, 'momentum': 0.9, 'weight_decay': 0.0001}"
