optimizer,final_loss,pde_loss,plate_loss,outer_loss,gradient_norm,spectral_entropy
sgd,19.9979781385,0.000246465452941,0.249971605116,2.19823430636e-07,5.31375663202,0
adam,19.9096993973,0.00870186551105,0.248749239272,0.000452274710046,3.21123367966,0
falling_ball,19.9905768258,0.00144086571592,0.249863917943,5.07722448999e-06,4.30393268464,0
entropy_descent,17.1641405092,0.0677569517818,0.18506913891,1.14538530318,0.00209506614769,2.19880183185
hamiltonian_geometric,17.0581809058,0.0558020125538,0.182353010485,1.20704653165,0.000435103283105,2.19880183185
