optimizer,final_loss,pde_loss,plate_loss,outer_loss,gradient_norm,spectral_entropy
sgd,19.9975563676,0.000234958563176,0.24996646557,3.07666352012e-07,5.95617895863,0
adam,19.853855139,0.00222270367518,0.24811674598,0.000978130259626,6.69870782028,0
falling_ball,19.9869567042,0.000914793546091,0.249825069414,8.21683511822e-06,5.4654264192,0
entropy_descent,17.1310771734,0.0525958380205,0.184621524522,1.15432271469,0.00247242990192,2.01390469607
hamiltonian_geometric,17.0193333903,0.0430510621937,0.18166167079,1.22164355039,0.000508624897432,2.01390469607
