{
    "testproblem": "mnist_mlp",
    "batch_size": 128,
    "num_epochs": 20,
    "random_seed": 42,
    "weight_decay": null,
    "optimizer_name": "SGD",
    "optimizer_hyperparams": {
        "lr": 0.1,
        "momentum": 0.9
    },
    "training_params": {},
    "train_losses": [
        2.301843132728185,
        0.1339162129144638,
        0.07223834474690449,
        0.05431385768744617,
        0.039126931224018335,
        0.03742301777208176,
        0.039979776373515144,
        0.03324708202256797,
        0.029539432052749757,
        0.02465410270349075,
        0.027934329637971062,
        0.026394905749512896,
        0.030909669905854687,
        0.029742847609062057,
        0.02393987261399534,
        0.02614762038790967,
        0.02178725087063727,
        0.017442239079278245,
        0.02008288012495121,
        0.019020647182958036,
        0.011988414354350541
    ],
    "valid_losses": [
        2.3019370421385155,
        0.15716715739705625,
        0.10102063068785729,
        0.09528913667712074,
        0.09639923427349482,
        0.09142578162181263,
        0.1001149899063584,
        0.11179240492100899,
        0.09457806329457806,
        0.08628072722170216,
        0.10230118608943975,
        0.09881319861354616,
        0.11196364880724548,
        0.10835943543217862,
        0.10959967820926043,
        0.12095959617428702,
        0.11450232450480168,
        0.10221396317818943,
        0.10437771026194334,
        0.09418691906839974,
        0.09857830239044955
    ],
    "test_losses": [
        2.301871746014326,
        0.14549376784513393,
        0.10102849910990933,
        0.08304234900144646,
        0.0821946627837837,
        0.07324648302612612,
        0.08828491216991097,
        0.08764269828530721,
        0.08328596530788136,
        0.08242902505785657,
        0.0998296871299457,
        0.094975993501276,
        0.10025541674125495,
        0.09458335980473119,
        0.094543330407713,
        0.09484548748789678,
        0.10177990602128026,
        0.08954190335465775,
        0.09687047609197809,
        0.08376176479826278,
        0.08744310177710829
    ],
    "minibatch_train_losses": [
        2.3015518188476562,
        0.20204076170921326,
        0.25909823179244995,
        0.09245723485946655,
        0.09962566941976547,
        0.11995060741901398,
        0.12068760395050049,
        0.050537895411252975,
        0.04637962207198143,
        0.09307738393545151,
        0.03984273970127106,
        0.08790673315525055,
        0.04999624937772751,
        0.025702429935336113,
        0.10048165917396545,
        0.03014957532286644,
        0.008082054555416107,
        0.07027292251586914,
        0.05016159638762474,
        0.05139632150530815,
        0.005490546580404043,
        0.025637833401560783,
        0.028122955933213234,
        0.009018382988870144,
        0.021741775795817375,
        0.00365717732347548,
        0.0016863304190337658,
        0.0045827580615878105,
        0.0402376763522625,
        0.022347714751958847,
        0.0014615395339205861,
        0.003627973608672619,
        0.0011277340818196535,
        0.025944605469703674,
        0.00048329660785384476,
        0.008918184787034988,
        0.003241123165935278,
        0.0017081592231988907,
        0.014899037778377533,
        0.0007662151474505663,
        0.008308233693242073,
        0.00013690913328900933,
        0.00816048588603735,
        0.0004094777978025377,
        0.0005609599757008255,
        0.0018916697008535266,
        0.00034402968594804406,
        0.0008642690954729915,
        0.005652733147144318,
        0.0007781034801155329,
        0.03756856918334961,
        0.0007362879114225507,
        0.0003113442216999829,
        0.002177845686674118,
        0.03395412489771843,
        0.0003773353819269687,
        0.00032969104358926415,
        0.0007864661165513098,
        0.0004929644637741148,
        0.0002540286513976753,
        0.0012626147363334894,
        0.005850848276168108,
        0.003314872272312641,
        0.0009443010785616934,
        0.00909687764942646,
        0.00640907371416688,
        0.018098708242177963,
        0.019020624458789825,
        0.003785095876082778,
        0.017493102699518204,
        0.0007486320100724697,
        0.02557973936200142,
        0.0003388040931895375,
        8.612279634689912e-05,
        0.0006066318019293249,
        0.0003455202386248857,
        8.278626046376303e-05,
        0.0025628881994634867,
        0.000640565063804388,
        0.00010872709390241653
    ],
    "train_accuracies": [
        0.15244391025641027,
        0.9612379807692307,
        0.9786658653846154,
        0.9832732371794872,
        0.9877804487179487,
        0.9888822115384616,
        0.9887820512820513,
        0.9906850961538461,
        0.9912860576923077,
        0.9927884615384616,
        0.9927884615384616,
        0.9938902243589743,
        0.9928886217948718,
        0.9935897435897436,
        0.9945913461538461,
        0.9939903846153846,
        0.9945913461538461,
        0.9962940705128205,
        0.9949919871794872,
        0.9967948717948718,
        0.9979967948717948
    ],
    "valid_accuracies": [
        0.15735176282051283,
        0.9517227564102564,
        0.9702524038461539,
        0.9694511217948718,
        0.9730568910256411,
        0.9750600961538461,
        0.9724559294871795,
        0.9742588141025641,
        0.9764623397435898,
        0.9801682692307693,
        0.9771634615384616,
        0.9788661858974359,
        0.9768629807692307,
        0.9782652243589743,
        0.9771634615384616,
        0.9786658653846154,
        0.9782652243589743,
        0.9806690705128205,
        0.9798677884615384,
        0.983573717948718,
        0.9823717948717948
    ],
    "test_accuracies": [
        0.15524839743589744,
        0.9560296474358975,
        0.9699519230769231,
        0.9762620192307693,
        0.9765625,
        0.9794671474358975,
        0.9742588141025641,
        0.9782652243589743,
        0.979667467948718,
        0.9813701923076923,
        0.9771634615384616,
        0.9799679487179487,
        0.9788661858974359,
        0.9816706730769231,
        0.9813701923076923,
        0.9823717948717948,
        0.9807692307692307,
        0.9825721153846154,
        0.9808693910256411,
        0.9855769230769231,
        0.9842748397435898
    ]
}