configuration,n,finite_n,median,mean,std,ci95_low,ci95_high,divergence_count,median_runtime_s
AdamW,10,10,0.8883056640625,0.8881591796875,0.007577061179737636,0.8834228515625,0.8912353515625,0,3.2672304999941844
HG_metric_momentum,10,10,0.8604736328125,0.8606689453125,0.0031498451167921242,0.858154296875,0.8626708984375,0,5.743912950005324
HG_metric_no_momentum,10,10,0.9072265625,0.9059814453125,0.0044935583704242485,0.902587890625,0.90966796875,0,5.664191399999254
HG_scalar_momentum,10,10,0.86279296875,0.8618408203125,0.004905073495932742,0.85693359375,0.8663330078125,0,5.656439800004591
HG_scalar_no_momentum,10,10,0.9080810546875,0.906396484375,0.004269475953788255,0.9029541015625,0.90966796875,0,5.701537150001968
SGD_momentum,10,10,0.909912109375,0.9095703125,0.0038519583209177173,0.9068603515625,0.912109375,0,2.665165350001189
