optimizer,final_loss,pde_loss,plate_loss,outer_loss,gradient_norm,spectral_entropy
sgd,19.9970595889,0.00014258072461,0.24996139527,4.13766387087e-07,6.75167534439,0
adam,19.8918451668,0.00907453544752,0.2485160748,0.00062914312546,5.54363812017,0
falling_ball,19.9836656312,0.00122305665876,0.249779883231,1.37397657103e-05,6.05199495982,0
entropy_descent,17.3159055254,0.0904511448495,0.188126222329,1.08763719915,0.00207653869071,2.09315135855
hamiltonian_geometric,17.2410091453,0.123258541481,0.186070081927,1.11605727358,0.000353051996503,2.09315135855
