optimizer,final_loss,pde_loss,plate_loss,outer_loss,gradient_norm,spectral_entropy
sgd,19.9983019678,0.000116133432211,0.249977287527,1.45673861603e-07,5.04020697291,0
adam,19.7708947536,0.00604530425343,0.246992360065,0.00249868736596,3.31784218715,0
falling_ball,19.9915027089,0.0011266588111,0.24987945161,4.2619221928e-06,4.13119981702,0
entropy_descent,17.2958526224,0.0366101563716,0.187911679517,1.11309140386,0.00252987414396,1.94307926271
hamiltonian_geometric,17.1008717613,0.07828899208,0.183517361615,1.17056413567,0.000525681357054,1.94307926271
