accumulated_eval_time,accumulated_logging_time,accumulated_submission_time,global_step,preemption_count,score,test/accuracy,test/loss,test/mean_average_precision,test/num_examples,total_duration,train/accuracy,train/loss,train/mean_average_precision,validation/accuracy,validation/loss,validation/mean_average_precision,validation/num_examples
795.3199000358582,0.0,16.436021089553833,1,0,16.436021089553833,0.4942934513092041,0.7235202193260193,0.0279058897287955,43793,812.7934277057648,0.4884160757064819,0.7226918935775757,0.0217884642139362,0.4935121238231659,0.7231395840644836,0.0259516795218903,43793
1295.9409430027008,0.2947218418121338,24.90851902961731,20,0,24.90851902961731,0.9493404030799866,0.31334951519966125,0.02825081832199201,43793,1323.4498736858368,0.9637300968170166,0.29585883021354675,0.02442030571730074,0.9546500444412231,0.30777570605278015,0.026733181475163445,43793
