optimizer,final_loss,pde_loss,plate_loss,outer_loss,gradient_norm,spectral_entropy
sgd,19.9984941291,0.000140782087998,0.249979386185,1.20991147826e-07,4.70109725425,0
adam,19.8440304096,0.00497956555317,0.247956035597,0.00115429150654,4.39866781587,0
falling_ball,19.9918859942,0.000611848482123,0.24989068991,3.36823885025e-06,4.27943034119,0
entropy_descent,17.3106444276,0.0147159872217,0.188042656231,1.12620799072,0.00226152464499,2.00911598656
hamiltonian_geometric,17.1321778025,0.0415873206691,0.184410640724,1.16882498245,0.000612572323997,2.00911598656
