optimizer,final_loss,pde_loss,plate_loss,outer_loss,gradient_norm,spectral_entropy
sgd,19.9974874128,0.000429181552387,0.249963177775,3.75076793428e-07,5.70818279247,0
adam,19.9058915802,0.00339177223227,0.248766820876,0.000484785419327,5.02855593892,0
falling_ball,19.9878387555,0.00109499677812,0.249833877174,7.65890812975e-06,5.2335095956,0
entropy_descent,17.2546450443,0.0766830766916,0.187427950177,1.09178617048,0.00283596583309,2.1247451174
hamiltonian_geometric,17.145321569,0.105437389727,0.183999831303,1.15993106154,0.000387993569155,2.1247451174
