optimizer,final_loss,pde_loss,plate_loss,outer_loss,gradient_norm,spectral_entropy
sgd,19.9982176031,0.000259631949185,0.249974440105,1.93589600526e-07,4.87335646833,0
adam,19.9387892354,0.00317507230275,0.249188943008,0.000180428927943,4.45660604521,0
falling_ball,19.9915220394,0.000909193236853,0.249882408969,3.86345902394e-06,4.3119806594,0
entropy_descent,17.3443792776,0.0587360760362,0.188439240821,1.10522216943,0.00173786061944,2.16130003429
hamiltonian_geometric,17.179453706,0.0703655666535,0.185666583199,1.12781618217,0.000737668272451,2.16130003429
