{
    "testproblem": "mnist_mlp",
    "batch_size": 128,
    "num_epochs": 20,
    "random_seed": 42,
    "weight_decay": null,
    "optimizer_name": "AdamWFixedDecay",
    "optimizer_hyperparams": {
        "lr": 0.003
    },
    "training_params": {},
    "train_losses": [
        2.301843132728185,
        0.12133820321506415,
        0.07000929433613634,
        0.07491114043081418,
        0.05743388218196252,
        0.05590891791507602,
        0.04737693950301036,
        0.036690433064135365,
        0.03950528456763818,
        0.049968655015198656,
        0.03918370564889091,
        0.026639116211952522,
        0.03761208847908375,
        0.03386473815435938,
        0.03832266667926048,
        0.05311245625172234,
        0.039034742348564744,
        0.02603854590359753,
        0.028048038953364503,
        0.03545501990186331,
        0.0279845408666892
    ],
    "valid_losses": [
        2.3019370421385155,
        0.14779445853752968,
        0.09713685483886646,
        0.12745533632830933,
        0.11460887450271119,
        0.12029309162440208,
        0.11103003811186705,
        0.09870975021607219,
        0.1077570656959254,
        0.1296640745101449,
        0.11823732792161024,
        0.11156118022373472,
        0.11491287128331187,
        0.12164407841658267,
        0.12144757674720424,
        0.15803288361833742,
        0.122929323452692,
        0.11632856459637435,
        0.13127968785388824,
        0.1330201850236895,
        0.14269341311219016
    ],
    "test_losses": [
        2.301871746014326,
        0.13367956510494247,
        0.0933223544076706,
        0.10722629938241787,
        0.10736667186705372,
        0.10818720049596428,
        0.10101523381980279,
        0.09381913615015947,
        0.10912076120952499,
        0.12117401319492507,
        0.09381588021395333,
        0.09408507259856308,
        0.09852122362605233,
        0.10220382487319404,
        0.09946758884380194,
        0.12870661618170487,
        0.12848810333779953,
        0.12024672606424448,
        0.09935793113578921,
        0.10851088271923078,
        0.11609493181054613
    ],
    "minibatch_train_losses": [
        2.3015518188476562,
        0.14343775808811188,
        0.2609609067440033,
        0.1075805202126503,
        0.1217280924320221,
        0.1520557552576065,
        0.14243774116039276,
        0.017199309542775154,
        0.05639392510056496,
        0.08561834692955017,
        0.04427983611822128,
        0.06157924607396126,
        0.06435059010982513,
        0.05503057688474655,
        0.05999651551246643,
        0.04598909243941307,
        0.021521039307117462,
        0.08900390565395355,
        0.06804149597883224,
        0.06204112991690636,
        0.02845737710595131,
        0.09266992658376694,
        0.022374380379915237,
        0.0797998309135437,
        0.03775238245725632,
        0.039274971932172775,
        0.0018837996758520603,
        0.05105957016348839,
        0.03847178816795349,
        0.016321927309036255,
        0.024030081927776337,
        0.04006030410528183,
        0.009491032920777798,
        0.06790073215961456,
        0.04194646328687668,
        0.06381814181804657,
        0.011577540077269077,
        0.021285761147737503,
        0.024905191734433174,
        0.01604451611638069,
        0.01903127320110798,
        0.007244415115565062,
        0.0027250763960182667,
        0.002968721790239215,
        0.0022275857627391815,
        0.01153074111789465,
        0.009701679460704327,
        0.024568859487771988,
        0.0011462781112641096,
        0.0011371681466698647,
        0.007846051827073097,
        0.010980652645230293,
        0.0003476095153018832,
        0.03738392889499664,
        0.05141482129693031,
        0.06789534538984299,
        0.020786330103874207,
        0.048624929040670395,
        0.10648135095834732,
        0.03979983925819397,
        0.0023395654279738665,
        0.004226635675877333,
        0.006437429692596197,
        0.017959631979465485,
        0.004557457286864519,
        0.008649013936519623,
        0.002400660887360573,
        0.011307721957564354,
        0.013368044048547745,
        0.029019001871347427,
        0.009810032323002815,
        0.032381996512413025,
        0.004725536797195673,
        0.0025551063008606434,
        0.0310822781175375,
        0.008455878123641014,
        0.03546753525733948,
        0.008731280453503132,
        0.016646217554807663,
        0.0028879086021333933
    ],
    "train_accuracies": [
        0.15244391025641027,
        0.9644431089743589,
        0.9791666666666666,
        0.9767628205128205,
        0.9823717948717948,
        0.9847756410256411,
        0.9863782051282052,
        0.9894831730769231,
        0.9887820512820513,
        0.9876802884615384,
        0.9901842948717948,
        0.9917868589743589,
        0.9912860576923077,
        0.9924879807692307,
        0.9908854166666666,
        0.991386217948718,
        0.9916866987179487,
        0.9943910256410257,
        0.9940905448717948,
        0.9935897435897436,
        0.9949919871794872
    ],
    "valid_accuracies": [
        0.15735176282051283,
        0.9551282051282052,
        0.9714543269230769,
        0.9642427884615384,
        0.9698517628205128,
        0.9711538461538461,
        0.9723557692307693,
        0.9761618589743589,
        0.9746594551282052,
        0.9705528846153846,
        0.9768629807692307,
        0.9765625,
        0.9756610576923077,
        0.977363782051282,
        0.9752604166666666,
        0.9761618589743589,
        0.9755608974358975,
        0.979667467948718,
        0.9766626602564102,
        0.9765625,
        0.9776642628205128
    ],
    "test_accuracies": [
        0.15524839743589744,
        0.9618389423076923,
        0.9704527243589743,
        0.9694511217948718,
        0.9712540064102564,
        0.9737580128205128,
        0.9746594551282052,
        0.9763621794871795,
        0.9755608974358975,
        0.9750600961538461,
        0.9798677884615384,
        0.9817708333333334,
        0.9809695512820513,
        0.9807692307692307,
        0.9807692307692307,
        0.9783653846153846,
        0.9758613782051282,
        0.9807692307692307,
        0.9817708333333334,
        0.9822716346153846,
        0.9801682692307693
    ]
}