accumulated_eval_time,accumulated_logging_time,accumulated_submission_time,global_step,preemption_count,score,test/accuracy,test/loss,test/mean_average_precision,test/num_examples,total_duration,train/accuracy,train/loss,train/mean_average_precision,validation/accuracy,validation/loss,validation/mean_average_precision,validation/num_examples
864.5262777805328,0.0,9.282988548278809,1,0,9.282988548278809,0.7386532425880432,0.5520016551017761,0.0283208836714035,43793,874.3199665546417,0.7489364743232727,0.5445964932441711,0.0231932283147988,0.7428392171859741,0.5489834547042847,0.0275145197237469,43793
1784.5269210338593,0.49422621726989746,22.317598819732666,20,0,22.317598819732666,0.9826204776763916,0.07955227792263031,0.02638211759625225,43793,1810.4983279705048,0.9863935112953186,0.06418405473232269,0.023611444528011432,0.9834749102592468,0.0762302577495575,0.025002485290852774,43793
