optimizer,final_loss,pde_loss,plate_loss,outer_loss,gradient_norm,spectral_entropy
sgd,1.67043565283e+207,3.78492974583e+207,4.1513416275e+200,5.18627366574e+200,4.3548542258e+107,0
adam,19.8559876153,0.00659847440989,0.24808798289,0.00105339075509,11.8575613382,0
falling_ball,19.9884729337,0.00124699567197,0.249839934059,7.20487525555e-06,5.01909084104,0
entropy_descent,17.2943943991,0.0426102508017,0.187869420008,1.11104927265,0.00258744092266,2.23245777798
hamiltonian_geometric,17.0307933439,0.0473346770886,0.182477886326,1.19257510423,0.00056818663371,2.23245777798
