accumulated_eval_time,accumulated_logging_time,accumulated_submission_time,global_step,preemption_count,score,test/accuracy,test/loss,test/mean_average_precision,test/num_examples,total_duration,train/accuracy,train/loss,train/mean_average_precision,validation/accuracy,validation/loss,validation/mean_average_precision,validation/num_examples
463.4250054359436,0.0,11.046372413635254,1,0,11.046372413635254,0.7979860901832581,0.5226386189460754,0.0278227447933818,43793,474.9158847332001,0.8110986351966858,0.5127386450767517,0.0244657173814402,0.8010088801383972,0.5200061798095703,0.0264295396030489,43793
800.5059823989868,0.7255432605743408,15.495163679122925,20,0,15.495163679122925,0.9831916093826294,0.11139819771051407,0.027605109355411803,43793,818.4678254127502,0.9867509007453918,0.1008637472987175,0.022847494979632177,0.9838941097259521,0.10942831635475159,0.026183687431751385,43793
