optimizer,final_loss,pde_loss,plate_loss,outer_loss,gradient_norm,spectral_entropy
sgd,19.9988132782,0.000399274143422,0.249980157896,1.11097803216e-07,3.39053834815,0
adam,19.9524316917,0.00265221454675,0.249365091619,0.000232503224798,12.2219068861,0
falling_ball,19.9964661211,0.00122329041783,0.249940467402,1.03208057021e-06,2.24678417213,0
entropy_descent,17.2543816264,0.0816688537108,0.186549165489,1.12436467785,0.00162395163473,2.26801836338
hamiltonian_geometric,17.1855349351,0.0773050446247,0.184973180357,1.15516459473,0.0004427640319,2.26801836338
