{
    "testproblem": "mnist_mlp",
    "batch_size": 128,
    "num_epochs": 20,
    "random_seed": 42,
    "weight_decay": null,
    "optimizer_name": "HamiltonianGeometricTorch",
    "optimizer_hyperparams": {
        "lr": 0.1,
        "beta": 0.9
    },
    "training_params": {},
    "train_losses": [
        2.301843132728185,
        0.12205564794250023,
        0.07456162395194554,
        0.059628939065031514,
        0.03907403024510504,
        0.04765500678704717,
        0.03033107393182432,
        0.036061200683411114,
        0.03937657273864039,
        0.022720129758967325,
        0.029654050838405218,
        0.036253752710763365,
        0.03029576276626008,
        0.0394413435834651,
        0.024651774290899854,
        0.015356529199846428,
        0.015040043403319148,
        0.01223401571319417,
        0.01620162972910194,
        0.019928822297643842,
        0.011820557180770335
    ],
    "valid_losses": [
        2.3019370421385155,
        0.14509963545088583,
        0.10365252810506484,
        0.0980991986938394,
        0.09138616558928521,
        0.09718126261559053,
        0.087293479215497,
        0.10503838328310312,
        0.10945080908445212,
        0.09135955898688199,
        0.10319848095950408,
        0.11523843857531364,
        0.09883417883098353,
        0.12647319725678804,
        0.10932931139504011,
        0.09793115576002702,
        0.09635514933996511,
        0.09699882911618027,
        0.10590791635107823,
        0.09963743500030922,
        0.1012331609491435
    ],
    "test_losses": [
        2.301871746014326,
        0.13007311986233944,
        0.10169892691863844,
        0.08662612469514641,
        0.08012406688971961,
        0.09749643550439475,
        0.07506022389050206,
        0.09796101024701971,
        0.09536496316379783,
        0.08960678524724641,
        0.1080061201738807,
        0.1097904933116157,
        0.08388638671478987,
        0.12301469619897268,
        0.10414480155928593,
        0.09222010264862235,
        0.09671730257628625,
        0.08921546556098256,
        0.09868907472346598,
        0.09202357179428844,
        0.09373654406730561
    ],
    "minibatch_train_losses": [
        2.3015518188476562,
        0.2010989487171173,
        0.21559271216392517,
        0.1181851327419281,
        0.09740719199180603,
        0.15713626146316528,
        0.14702750742435455,
        0.03698483854532242,
        0.04432428628206253,
        0.07822719216346741,
        0.0719614028930664,
        0.08770019561052322,
        0.04421612620353699,
        0.03437391668558121,
        0.11745414137840271,
        0.08755569905042648,
        0.01797056756913662,
        0.028938809409737587,
        0.037583790719509125,
        0.09393687546253204,
        0.012688623741269112,
        0.016795773059129715,
        0.05239749699831009,
        0.029218468815088272,
        0.012315521016716957,
        0.013317159377038479,
        0.0022989765275269747,
        0.012930544093251228,
        0.028342073783278465,
        0.012836305424571037,
        0.031554218381643295,
        0.017117178067564964,
        0.0006680402439087629,
        0.02835909277200699,
        0.002821600064635277,
        0.02105579525232315,
        0.0010339480359107256,
        0.045025985687971115,
        0.010666701942682266,
        0.019804013893008232,
        0.03504617512226105,
        0.000637209159322083,
        0.0008195400587283075,
        0.016210677102208138,
        0.00262280972674489,
        0.001998861785978079,
        0.003545694053173065,
        0.004991089925169945,
        0.001794938463717699,
        0.0003872703236993402,
        0.0002129689382854849,
        0.00014176522381603718,
        0.00024549703812226653,
        0.007824319414794445,
        0.041801586747169495,
        0.006475364323705435,
        0.0676976889371872,
        0.0012986194342374802,
        0.028795335441827774,
        0.0008622216410003603,
        0.0069319405592978,
        0.000203000454348512,
        0.000512575323227793,
        0.0003779832914005965,
        0.003332318039610982,
        0.000978205120190978,
        3.0311117370729335e-05,
        0.0012892234371975064,
        9.732848411658779e-05,
        0.0003969344252254814,
        7.089130122039933e-06,
        0.000386562169296667,
        0.0008943855646066368,
        8.416034688707441e-06,
        0.0004824908683076501,
        1.6990739823086187e-05,
        6.452847446780652e-05,
        0.00015225764946080744,
        0.00016664132999721915,
        3.770178591366857e-05
    ],
    "train_accuracies": [
        0.15244391025641027,
        0.9630408653846154,
        0.9770633012820513,
        0.981270032051282,
        0.9891826923076923,
        0.9848758012820513,
        0.9919871794871795,
        0.9876802884615384,
        0.9888822115384616,
        0.9932892628205128,
        0.9920873397435898,
        0.989082532051282,
        0.992988782051282,
        0.9899839743589743,
        0.9931891025641025,
        0.9970953525641025,
        0.996895032051282,
        0.9976963141025641,
        0.996895032051282,
        0.9973958333333334,
        0.9980969551282052
    ],
    "valid_accuracies": [
        0.15735176282051283,
        0.9547275641025641,
        0.9683493589743589,
        0.9717548076923077,
        0.9749599358974359,
        0.9712540064102564,
        0.9758613782051282,
        0.9720552884615384,
        0.9747596153846154,
        0.979667467948718,
        0.9774639423076923,
        0.9744591346153846,
        0.9784655448717948,
        0.9754607371794872,
        0.9788661858974359,
        0.9828725961538461,
        0.9825721153846154,
        0.9844751602564102,
        0.9836738782051282,
        0.9844751602564102,
        0.9846754807692307
    ],
    "test_accuracies": [
        0.15524839743589744,
        0.9595352564102564,
        0.9682491987179487,
        0.9759615384615384,
        0.9756610576923077,
        0.9743589743589743,
        0.9798677884615384,
        0.9754607371794872,
        0.9769631410256411,
        0.9810697115384616,
        0.9778645833333334,
        0.9764623397435898,
        0.9818709935897436,
        0.9777644230769231,
        0.9797676282051282,
        0.9833733974358975,
        0.9818709935897436,
        0.9838741987179487,
        0.9853766025641025,
        0.9850761217948718,
        0.9853766025641025
    ]
}