optimizer,final_train_loss,final_val_loss,final_val_perplexity,runtime_s
adafactor,6.72406759262085,6.764816784858704,866.8073810037515,3995.906381500001
hamiltonian_geometric,6.771254663467407,6.778023362159729,878.3308650904717,3621.328079500003
adamw,6.834232249259949,6.842894601821899,937.198027372512,4029.6721408999992
lion,6.810210118293762,7.0317291736602785,1131.986319746238,4221.774359400002
muon_lite,9.43039321899414,9.313823175430297,11090.267217721763,8440.7455829
